Productivity,Efficiency,Utilization,Flexibility,Cost,Profit,Sustainability score,,,,,,,,,,,,
8.90717704,4.78638269,6.43397258,2.60674212,7.186451803,6.445540807,4.456470979,,,,,,,,,,,,
5.6303129,3.25286185,5.52503144,4.71345367,3.625448807,5.411346515,4.561923514,,,,,,,,,,,,
8.20980167,8.56858698,9.0523886,5.45581725,8.174412989,8.035731092,3.818100857,,,,,,,,,,,,
3.53554605,4.0110546,8.71940384,3.62368696,2.316676274,3.879675774,3.144787844,,,,,,,,,,,,
2.49043791,5.50454103,6.23850724,1.05502625,2.039272658,4.422171861,3.483539319,,,,,,,,,,,,
9.41251226,4.49518134,3.40454842,2.25530569,7.585796116,7.628685236,7.490118996,,,,,Productivity,Efficiency,Utilization,Flexibility,Cost,Profit,Sustainability score,
4.13468277,6.46975618,9.09136029,6.49267675,3.533864196,3.135456749,3.244995385,,,,max,9.49587994,9.49855482,9.5,9,10,10,8.304277385,0
7.58161786,8.33952148,7.89853394,8.14008953,7.392086512,7.207890981,3.893294804,,,,min,2,2.5,3.00647543,1,1.023167554,1.200577659,2.670884536,0
8.14645262,7.51536153,5.33146138,8.27949281,7.615925624,8.100912865,5.003943589,,,,,,,,,,,,
4.52453136,7.85951089,7.88206883,7.30175788,4.329483354,4.942920992,3.466987725,,,,,,,,,,,,
7.31408009,3.83566179,3.22607672,2.23758165,5.253365637,7.186335154,7.64798804,,,,,,,,,,,,
7.49038912,3.67668787,4.58564305,5.67152402,5.351116366,6.615170958,5.590321803,,,,,,,,,,,,
3.18812012,4.93517794,5.57009063,9,2.350511564,3.617142755,4.059283737,,,,,,,,,,,,
3.34938444,2.77040747,7.41521066,1.99230154,1.830345321,3.467819843,3.318215077,,,,,,,,,,,,
3.28141851,5.44995006,6.70405154,7.12102907,2.571731586,4.266792139,3.519003258,,,,,,,,,,,,
7.32405186,4.72192556,5.40943803,4.28667288,5.609093328,5.363255253,4.859616892,,,,,,,,,,,,
5.90159354,5.11536589,5.96544773,8.78084686,4.498611295,4.534527872,4.33791273,,,,,,,,,,,,
4.39545184,6.97020292,6.79101449,7.61508902,3.91071068,5.485904208,3.730771101,,,,,,,,,,,,
3.62115167,5.77537836,7.2736516,1.63146702,2.918946695,4.891336395,3.419892544,,,,,,,,,,,,
7.31421277,7.04524374,8.01893486,1.70657453,6.553326384,7.901393642,3.842070335,,,,,,,,,,,,
3.61264769,3.77246704,6.88389985,5.91615211,2.299221572,2.680527851,3.535705267,,,,,,,,,,,,
2.9696425,4.81170149,7.96901013,6.01627177,2.163134324,2.86232965,3.100987319,,,,,,,,,,,,
7.79181758,7.78848845,5.63488924,6.98087143,7.364858467,7.520179553,4.761145727,,,,,,,,,,,,
5.75036705,9.27868623,9.3660467,2.01895305,5.964600299,5.694834411,3.504560821,,,,,,,,,,,,
2.50995303,6.84282405,4.78243794,6.97440068,2.448145642,4.328174776,4.483816084,,,,,,,,,,,,
6.20988886,9.38524227,8.16645769,2.32772809,6.453108665,6.903689355,3.682074363,,,,,,,,,,,,
5.97811877,6.25685306,8.5364599,4.46824336,4.987613597,6.451695,3.601014709,,,,,,,,,,,,
6.00318822,8.13272157,3.93598896,8.43652279,5.740090452,6.829157621,6.214786084,,,,,,,,,,,,
9.15595651,7.51362078,3.2051725,4.00862836,8.729696155,8.420182672,7.880405973,,,,,,,,,,,,
4.2029792,7.95748467,4.68233568,1.28514502,4.098171353,5.76057815,5.010468441,,,,,,,,,,,,
7.42045003,5.99781221,4.41601076,5.84512016,6.217722326,7.184777113,5.768611132,,,,,,,,,,,,
8.85919714,6.1434753,6.52033273,7.81698984,7.749485064,7.85994739,4.416174076,,,,,,,,,,,,
8.81027258,5.01907657,8.47255252,2.06777404,7.189373785,6.522646319,3.931107496,,,,,,,,,,,,
2.24289912,2.65990773,5.93970828,6.1352364,1.098101251,2.185771647,3.547094489,,,,,,,,,,,,
3.29315365,5.51023485,8.86454907,5.14737424,2.598535902,3.304030877,3.072569698,,,,,,,,,,,,
4.39077468,5.46155106,4.21352279,6.06081848,3.397458597,3.854674551,5.576169211,,,,,,,,,,,,
9.39386738,9.40084329,8.89725813,1.90035372,9.971606795,9.293128434,3.941725799,,,,,,,,,,,,
5.50865291,2.7467261,7.84227893,6.12934945,3.362375643,4.108005928,3.638209082,,,,,,,,,,,,
9.31525026,7.12356501,7.37513323,6.44018522,8.720695514,8.600834592,4.179112264,,,,,,,,,,,,
5.35630917,5.89432706,7.16422575,1.93814047,4.320760448,4.749470103,3.776056277,,,,,,,,,,,,
2.22215839,7.81501587,3.75681044,6.32262943,2.53925115,4.784697866,5.663486517,,,,,,,,,,,,
5.91585155,6.83158545,9.19860325,1.81957206,5.150918069,6.465933964,3.536470098,,,,,,,,,,,,
3.71576775,3.89502388,5.62539265,3.71900764,2.407736801,4.690118433,4.151228677,,,,,,,,,,,,
2.8138531,5.28201734,7.61931417,5.88377277,2.194488934,3.84625154,3.125378686,,,,,,,,,,,,
7.97068443,8.99410357,6.96581485,3.49458404,8.111843929,6.981731421,4.167023157,,,,,,,,,,,,
7.83836873,7.32096051,5.13418136,7.18387111,7.204521512,6.803876124,5.122897016,,,,,,,,,,,,
9.15200135,3.91282391,3.91515334,2.07068197,7.052899094,7.721752192,6.596209284,,,,,,,,,,,,
6.91303086,5.82977403,7.26185638,7.85183096,5.668219909,5.563021391,3.960923275,,,,,,,,,,,,
2.72218478,7.04849766,3.21625141,5.97292533,2.661799659,4.592630249,6.847270101,,,,,,,,,,,,
6.41494827,4.13407827,5.02224873,1.60944824,4.577505265,5.777238294,5.048571144,,,,,,,,,,,,
8.91299929,3.59291129,9.34078577,5.6260088,6.671986685,6.09100894,3.870192743,,,,,,,,,,,,
4.50629169,3.59578948,9.40975091,2.36125209,2.882928259,3.422884985,3.299969024,,,,,,,,,,,,
8.57130275,4.11314792,4.10519596,6.85246821,6.553799673,5.737237719,6.273821045,,,,,,,,,,,,
7.85503164,3.35479135,5.72718413,2.55001658,5.558370683,7.386358286,4.71106431,,,,,,,,,,,,
7.65674797,2.61070731,3.58996374,7.60490122,5.090290871,6.183290106,6.973820576,,,,,,,,,,,,
3.41110725,5.90550927,5.33211891,7.09812778,2.805890804,4.752708903,4.27938036,,,,,,,,,,,,
5.35157926,3.87537173,6.03239417,5.06569999,3.616062072,5.405862344,4.221281227,,,,,,,,,,,,
8.32483547,7.26979606,7.18847473,8.32522287,7.694062365,7.708686992,4.135903462,,,,,,,,,,,,
7.3995545,3.24116464,7.18282752,8.96582298,5.101852562,4.150860806,4.0395087,,,,,,,,,,,,
7.54274597,4.6075591,8.52778084,6.38979891,5.767000044,5.602199591,3.795380634,,,,,,,,,,,,
6.51301056,8.72886745,4.12478017,6.27763337,6.474598118,7.623634115,6.019276891,,,,,,,,,,,,
2.02350567,7.72262094,7.46237609,3.39245634,2.371446274,3.84316864,2.887455351,,,,,,,,,,,,
3.66000699,3.18665437,9.1447274,7.6634836,2.158974283,1.812613194,3.140224806,,,,,,,,,,,,
5.10944886,3.29444651,8.6088433,3.86212775,3.23681742,4.117366866,3.46237623,,,,,,,,,,,,
2.31655663,4.70921708,7.48760591,6.87615273,1.697904712,2.490981582,2.993877822,,,,,,,,,,,,
4.68883862,7.54416871,3.29570795,2.41685357,4.353872708,5.57900528,7.130217718,,,,,,,,,,,,
2.3871306,2.5,7.52265806,3.17366512,1.144349716,2.024014114,3.010551525,,,,,,,,,,,,
3.37652207,8.00481018,5.77557239,8.98584747,3.455936012,4.239896011,3.98002981,,,,,,,,,,,,
9.18550917,9.30482061,3.11508587,8.64824125,9.66725551,7.780056674,8.08615817,,,,,,,,,,,,
7.50449645,3.23982895,3.00647543,6.4783859,5.1950389,6.10087592,8.177844308,,,,,,,,,,,,
4.43599284,6.53952754,5.37074545,4.55063737,3.795171943,6.032792766,4.469993066,,,,,,,,,,,,
7.81771526,2.79837026,8.73958655,6.00300608,5.306660988,4.84630045,3.80286631,,,,,,,,,,,,
6.72024127,9.28228604,5.76568028,6.54819542,6.919531178,6.419741235,4.558337936,,,,,,,,,,,,
6.21429663,3.45447037,6.35641699,4.64253441,4.165100215,5.201305017,4.190554514,,,,,,,,,,,,
3.27151433,4.9349939,4.1849468,2.23178445,2.408751917,3.730641158,5.367929457,,,,,,,,,,,,
5.27076316,4.275263,7.10181892,7.21909069,3.687435466,3.352856386,3.780941015,,,,,,,,,,,,
3.4047511,8.47288597,8.54256108,5.80347187,3.63456617,4.000157899,3.132092079,,,,,,,,,,,,
7.38967072,9.26436784,9.1049248,6.78310647,7.608247125,7.438765108,3.727103481,,,,,,,,,,,,
9.34464763,3.7372227,8.93365308,6.96669247,7.173855573,5.686417413,3.934458763,,,,,,,,,,,,
6.43358923,6.21835524,7.81221283,5.51912102,5.380616147,6.612358565,3.773126415,,,,,,,,,,,,
7.5445856,8.24154596,7.88208946,7.44253563,7.309349891,6.284436313,3.892275428,,,,,,,,,,,,
7.07560179,3.36194183,5.3556231,1.144625,4.862005612,6.45653036,4.869203455,,,,,,,,,,,,
4.6567574,8.48381062,7.37202971,2.27939837,4.668230597,6.582043549,3.603219122,,,,,,,,,,,,
8.29912623,6.4735636,3.77228743,3.41423832,7.30604448,8.253762546,6.734637425,,,,,,,,,,,,
9.13226296,5.67158102,3.02145349,7.98397917,7.825806247,7.679383299,8.304277385,,,,,,,,,,,,
3.21054059,7.46107095,8.46659735,8.33992014,3.151224502,3.536077275,3.09218684,,,,,,,,,,,,
6.47262413,3.67481432,7.40737098,3.33703494,4.459400674,5.04605805,3.868141056,,,,,,,,,,,,
4.79985375,9.44903574,6.92657332,8.52574291,5.156068844,6.262213884,3.757895722,,,,,,,,,,,,
6.66355306,8.76887027,6.73780537,7.15052187,6.640858096,7.318789106,4.095863274,,,,,,,,,,,,
4.6289044,9.4584942,8.09878576,8.69377712,5.007833827,5.484423236,3.448319516,,,,,,,,,,,,
3.58878163,6.81830358,7.36305623,5.25095401,3.22889383,3.623031129,3.388841116,,,,,,,,,,,,
3.94331009,6.25751676,6.57973851,8.15121414,3.315853327,4.447994016,3.719192205,,,,,,,,,,,,
8.72432146,3.90628001,3.16555148,8.0362948,6.617740122,7.704920915,7.928223158,,,,,,,,,,,,
3.91170493,6.66617748,9.10903702,8.10735852,3.42614955,4.068267175,3.197752558,,,,,,,,,,,,
6.5171839,2.99555671,5.81939996,7.44013276,4.252945517,5.601542738,4.501509525,,,,,,,,,,,,
6.25471167,4.28833873,6.92165671,8.04466355,4.49749106,3.860252846,3.979717176,,,,,,,,,,,,
6.30470021,6.61250323,7.70451466,5.05359211,5.417060109,5.451435902,3.778080403,,,,,,,,,,,,
2.32483567,5.84043954,4.04778816,7.61480738,2.024668264,2.708683585,5.26670284,,,,,,,,,,,,
8.05896404,8.69298874,5.67668301,2.81183445,8.067049405,9.195610694,4.76314667,,,,,,,,,,,,
4.98968146,6.8964076,3.87141882,3.53370342,4.373338265,5.120482112,6.1571834,,,,,,,,,,,,
3.51072413,5.21046843,7.8567848,1.66975592,2.662383716,5.05415985,3.260737186,,,,,,,,,,,,
6.99355549,4.71536412,5.94929731,4.90871496,5.304319146,6.220532533,4.487799351,,,,,,,,,,,,
9.04654231,7.09952027,7.39055466,6.49326743,8.404902403,8.107402305,4.150847808,,,,,,,,,,,,
8.60597764,4.76755232,8.22461871,3.05488993,6.869640342,7.73800442,3.944757161,,,,,,,,,,,,
4.86468965,8.22321613,5.18722285,2.30585606,4.751210631,6.567880791,4.684087085,,,,,,,,,,,,
2.9164644,6.6564408,7.70999039,7.53042333,2.680688994,2.888474869,3.135714409,,,,,,,,,,,,
7.67331818,2.78376925,6.61632818,8.96110322,5.1711954,5.549405789,4.25866052,,,,,,,,,,,,
4.27232112,4.42689922,6.32041572,6.90027141,2.973054972,4.619483333,3.894910689,,,,,,,,,,,,
3.00588509,9.06231604,4.15923685,6.81699138,3.520069233,4.03010679,5.330801991,,,,,,,,,,,,
3.22823577,4.26451927,5.58593345,5.22600547,2.179620622,3.621466341,4.059433303,,,,,,,,,,,,
8.33113007,9.17208021,5.36007115,8.41964562,8.599785245,8.258252212,5.001865327,,,,,,,,,,,,
5.73047576,8.55620607,3.01770451,7.59404194,5.655138753,6.997717893,7.925857604,,,,,,,,,,,,
6.85317201,8.56444056,3.51092927,5.03260389,6.742955319,7.736670598,7.024132275,,,,,,,,,,,,
7.33565066,9.29338685,8.35770801,6.29066218,7.564023578,6.89378765,3.793314501,,,,,,,,,,,,
8.41294097,3.85062767,6.55347439,4.61730892,6.287834481,7.3241449,4.359858484,,,,,,,,,,,,
6.88485039,8.45898069,3.74692403,3.63662129,6.729382605,8.052210765,6.620047582,,,,,,,,,,,,
6.38188561,6.7046626,4.258412,8.84510305,5.523869941,5.396309599,5.830930504,,,,,,,,,,,,
3.88535885,2.55827647,9.16073256,3.88956156,2.128974606,2.915461724,3.188965422,,,,,,,,,,,,
5.08876404,9.12331961,4.42257802,1.69902597,5.29016701,6.821117683,5.447365024,,,,,,,,,,,,
3.99695748,7.81446414,5.98424425,3.61508612,3.88118628,5.552946731,4.003767963,,,,,,,,,,,,
7.58989014,8.81568601,3.6635678,8.04370493,7.616692253,6.698278347,6.839249979,,,,,,,,,,,,
6.71375511,3.83677794,3.22178506,3.56823,4.72456426,6.238663524,7.586070632,,,,,,,,,,,,
6.38483587,3.34267407,5.78111125,1.6386322,4.266581861,4.942593816,4.506675628,,,,,,,,,,,,
3.11969969,6.78898008,5.3245403,4.94296514,2.86965982,3.634515642,4.210640358,,,,,,,,,,,,
6.12417868,4.74955253,5.46960999,6.87643901,4.554503364,6.100862683,4.66915334,,,,,,,,,,,,
9.19951573,5.5543569,6.19398651,2.20914045,7.844196749,8.609285089,4.591444155,,,,,,,,,,,,
5.64180275,9.28458431,6.44271734,8.92380297,5.864240092,5.094347146,4.072947778,,,,,,,,,,,,
4.07802633,6.660537,9.33230925,2.68624079,3.55346051,3.639355443,3.220228063,,,,,,,,,,,,
3.58683959,5.61069538,4.54524532,2.19307098,2.841947529,5.191018646,5.020753477,,,,,,,,,,,,
8.65581845,9.21726799,5.78875725,2.58215517,8.994835299,8.35511055,4.755312006,,,,,,,,,,,,
9.28636885,7.11868669,7.15469144,5.35643066,8.685335472,7.516395885,4.236501352,,,,,,,,,,,,
8.72186588,5.97034697,6.45065412,5.00486125,7.523781854,6.476685657,4.431944578,,,,,,,,,,,,
2.68259431,3.66167619,8.21459937,5.50558424,1.644061502,3.389980306,2.976676657,,,,,,,,,,,,
8.91194656,3.96372489,4.3907383,8.85406058,6.83065051,6.853511991,5.950055799,,,,,,,,,,,,
6.29923174,5.385411,4.88479299,8.71365381,4.94153579,4.909617088,5.153978084,,,,,,,,,,,,
8.05448925,7.6357302,6.47158765,5.2731016,7.572961752,7.042096005,4.356984072,,,,,,,,,,,,
8.80726181,8.1364982,6.37189903,1.05593554,8.636481736,8.337208115,4.47381168,,,,,,,,,,,,
6.67601621,4.78149995,5.28111803,3.23320714,5.045582154,6.105023973,4.875545575,,,,,,,,,,,,
5.3812694,7.60258122,3.88374293,4.18138471,4.969898292,7.118526723,6.201407947,,,,,,,,,,,,
4.13558591,3.98104481,8.97721693,1.90108015,2.733046573,4.209305434,3.253112033,,,,,,,,,,,,
7.07227146,7.48946574,9.10982594,3.20589737,6.502311997,6.011380677,3.690276962,,,,,,,,,,,,
6.98767235,2.9188635,4.71860923,3.46642249,4.621865868,6.40697642,5.397276285,,,,,,,,,,,,
6.39754154,3.86446397,3.51442084,5.81164545,4.464634937,5.37359824,6.960479481,,,,,,,,,,,,
5.08282973,2.75628175,8.34666077,7.86343154,3.043293598,2.643830874,3.489633154,,,,,,,,,,,,
3.6062597,6.09367777,5.28625339,8.02780924,3.008864743,3.005144376,4.359473216,,,,,,,,,,,,
5.99431746,9.3379184,3.10672392,5.28949945,6.222892302,6.296364662,7.750556577,,,,,,,,,,,,
6.87421078,3.4508851,4.89275808,5.03222601,4.720312106,4.724471173,5.219422538,,,,,,,,,,,,
9.04854768,7.18593434,5.36785236,1.61730547,8.448718483,8.51013282,5.064986205,,,,,,,,,,,,
8.98464728,4.50618912,6.82108078,2.81137972,7.142391458,6.435309165,4.314924873,,,,,,,,,,,,
3.66132566,3.50224531,7.03946912,5.39459524,2.252781332,3.990187412,3.496789233,,,,,,,,,,,,
5.94698527,8.94865179,3.76733364,3.19294946,6.017116965,6.831046789,6.465366792,,,,,,,,,,,,
6.74338643,9.34913992,7.07343425,1.57124285,6.972295347,7.494339558,3.994399196,,,,,,,,,,,,
4.43547768,6.64329766,7.31721845,8.41672865,3.830309753,5.071834934,3.576965934,,,,,,,,,,,,
5.52138549,7.9246823,5.73984319,7.37843358,5.217177145,6.510157628,4.410254781,,,,,,,,,,,,
3.99112995,7.29788213,8.8494782,2.88615409,3.699913802,4.236450372,3.233734502,,,,,,,,,,,,
2.62667265,5.83494181,6.90751883,4.54069117,2.22870637,4.09028628,3.262733407,,,,,,,,,,,,
2.39261199,7.84585679,6.05846603,5.94864616,2.670538492,3.311077673,3.538290884,,,,,,,,,,,,
3.76311312,3.52930067,5.88248257,6.08511432,2.331344571,2.637779876,4.008981097,,,,,,,,,,,,
2.07822479,2.84216102,5.35139103,5.01747121,1.045513615,3.186336224,3.853238124,,,,,,,,,,,,
3.87750436,4.30253107,8.3327879,8.02199682,2.646340638,3.23136957,3.266363039,,,,,,,,,,,,
4.35540402,6.74998282,6.492649,1.69106737,3.80284155,6.199251557,3.836899501,,,,,,,,,,,,
4.67317304,4.92157199,6.76673563,3.17001222,3.436796919,5.672258407,3.790340282,,,,,,,,,,,,
2.64486781,5.25204565,7.71444994,1.05474881,2.070529873,2.834944084,3.053480458,,,,,,,,,,,,
5.96836492,2.70909101,8.12538785,2.85633921,3.70831444,4.657454552,3.655471027,,,,,,,,,,,,
2.6062419,2.56185959,5.77072988,8.93311336,1.296111014,1.703824647,3.767505922,,,,,,,,,,,,
7.75621013,5.496272,3.0524832,2.87923847,6.335130505,8.182645278,8.093150159,,,,,,,,,,,,
7.29408155,7.13572059,7.88721792,6.93855426,6.571818872,6.781374968,3.863233747,,,,,,,,,,,,
5.13891353,2.98297955,5.00714049,8.17800689,3.158147932,4.668005077,4.876952992,,,,,,,,,,,,
3.17676126,9.06488915,6.83720393,2.39009275,3.654827602,4.316947981,3.444615797,,,,,,,,,,,,
8.50781571,8.35108637,4.20981756,3.07888041,8.402278661,8.220337603,6.131063972,,,,,,,,,,,,
7.05737361,2.92940739,3.14557967,2.73976859,4.685563092,5.883456115,7.79699078,,,,,,,,,,,,
8.09081772,5.40612352,3.37168988,4.22893254,6.626989572,8.226890935,7.429163937,,,,,,,,,,,,
3.07323485,8.54116992,8.08793672,1.99521753,3.399227951,4.774946434,3.109393214,,,,,,,,,,,,
4.28549193,8.60527214,5.07102612,2.4588912,4.396994066,6.30547495,4.672175678,,,,,,,,,,,,
5.8474224,5.89336614,8.4507839,8.19632319,4.737572569,3.768625813,3.592812121,,,,,,,,,,,,
3.06689412,3.82380551,9.36429549,6.23504407,1.942624763,1.583722692,2.981794659,,,,,,,,,,,,
4.49900379,6.51124325,9.2570038,5.97802323,3.835860242,4.237492658,3.305606908,,,,,,,,,,,,
3.07439533,8.79491577,8.71252023,1.69248827,3.484229153,5.588470077,3.029212744,,,,,,,,,,,,
2.07204623,7.61358862,4.60238982,7.5198457,2.37271227,3.679592248,4.503911082,,,,,,,,,,,,
7.70865801,5.0385958,4.20248789,8.04354079,6.099316305,6.838969253,6.058349214,,,,,,,,,,,,
7.52276564,7.84241086,6.20319822,2.17274987,7.109316159,8.444283068,4.419685813,,,,,,,,,,,,
7.49484603,5.36912479,3.02210428,3.63154741,6.030262616,6.16416232,8.13833008,,,,,,,,,,,,
8.94190584,4.74587039,9.15356778,4.20270505,7.204445888,6.892441109,3.882689846,,,,,,,,,,,,
8.22539396,8.28695921,3.0751559,6.64710798,8.058732174,7.054490661,8.087877851,,,,,,,,,,,,
7.27922852,3.04704743,3.25603165,1.24135192,4.922087036,6.07156087,7.579631413,,,,,,,,,,,,
4.9794911,5.90264963,3.5467575,8.04295003,4.013162825,4.911767028,6.693094631,,,,,,,,,,,,
5.74364626,4.55608638,7.27231126,5.49443153,4.166312229,5.183712427,3.803947316,,,,,,,,,,,,
8.62189992,8.61411778,6.13136682,8.51781781,8.658477666,7.803674131,4.567921022,,,,,,,,,,,,
3.93154118,6.37891332,4.56686345,8.03147478,3.346677049,5.110770789,5.074012999,,,,,,,,,,,,
7.18039906,6.51326567,5.7884953,7.40345641,6.199210624,6.858553382,4.600028616,,,,,,,,,,,,
2.70061196,2.58500466,6.99920383,2.79487933,1.361340994,3.343643927,3.256198513,,,,,,,,,,,,
3.52931956,2.82397219,6.53882858,8.5004245,1.965329063,3.524220698,3.643199255,,,,,,,,,,,,
2.7588745,8.93569922,3.89887889,4.93322837,3.287872909,5.469235013,5.623010336,,,,,,,,,,,,
6.24643161,6.01614066,5.00389386,6.98411189,5.134054328,5.862487736,5.042061452,,,,,,,,,,,,
6.06316678,3.9726105,3.03448335,6.74788341,4.223693465,5.807009747,7.931819041,,,,,,,,,,,,
5.74615691,3.68224095,6.459423,1.71748546,3.863706713,4.990082222,4.081173699,,,,,,,,,,,,
3.36749822,5.6926826,8.50040415,5.15110752,2.708085744,2.845115118,3.127835171,,,,,,,,,,,,
4.52075544,5.33846036,4.58686276,1.90595871,3.457106952,5.397458977,5.169050548,,,,,,,,,,,,
2.11248532,4.87175607,4.99573161,7.45966753,1.610770713,2.786440352,4.147311107,,,,,,,,,,,,
6.47173437,7.46605745,4.73028451,1.24879063,5.912003411,6.475463515,5.32202071,,,,,,,,,,,,
4.43935713,8.12945009,8.01991931,3.10335406,4.355005868,4.716865389,3.426597624,,,,,,,,,,,,
3.71032138,4.52705697,4.08210568,2.21857577,2.59554016,3.866431126,5.608536589,,,,,,,,,,,,
6.91876855,3.05220993,8.59548424,1.78909555,4.611807521,6.445034955,3.715966458,,,,,,,,,,,,
3.34292493,7.59916427,8.55286755,5.87819489,3.296455493,4.953100025,3.115679693,,,,,,,,,,,,
5.64146683,3.59823873,8.89937733,2.4668668,3.751297164,4.973463994,3.517429497,,,,,,,,,,,,
4.83081813,7.44549283,6.86650128,1.044467,4.437628337,6.110615301,3.783255545,,,,,,,,,,,,
6.75210098,5.28248154,8.14463967,6.3353029,5.305761466,5.965006637,3.755073846,,,,,,,,,,,,
7.68056103,6.78799583,9.06725401,8.83416737,6.809459779,6.565691195,3.761674004,,,,,,,,,,,,
3.15856367,2.92592282,9.23653719,7.26580205,1.748674795,2.055608542,3.012453506,,,,,,,,,,,,
8.10433744,3.20013677,5.16265221,7.97506783,5.728122509,6.602895615,5.127952262,,,,,,,,,,,,
9.39409338,5.4424364,7.7024856,5.44970152,8.003582111,8.101607541,4.110198691,,,,,,,,,,,,
8.79446786,4.26195415,9.46090555,5.76743568,6.841097762,7.133194397,3.854174431,,,,,,,,,,,,
6.37288014,7.99904666,4.30061341,1.60949928,6.035173371,7.801709053,5.778006665,,,,,,,,,,,,
2.5087981,8.88249404,7.73070916,2.96948051,3.081746766,5.155406042,3.006185062,,,,,,,,,,,,
7.97382491,8.58952465,3.34239857,4.74742093,7.925630483,7.359569348,7.475934164,,,,,,,,,,,,
3.71488796,7.2148546,3.77355522,5.64976569,3.45579159,4.37112602,6.064043456,,,,,,,,,,,,
7.30055846,8.18650312,4.85963887,6.7598834,7.032527362,6.724279134,5.299633744,,,,,,,,,,,,
2.01568279,8.22456865,4.18388034,8.52589547,2.517291815,3.593421999,4.966485842,,,,,,,,,,,,
7.05386023,9.30336498,4.61494092,7.11435736,7.272163008,6.533310553,5.509803602,,,,,,,,,,,,
5.77052517,8.51805459,3.68481355,7.95439576,5.677157124,5.557834029,6.575506655,,,,,,,,,,,,
3.70839091,5.53014647,8.64635284,4.31088313,2.905795754,4.602716555,3.191834929,,,,,,,,,,,,
6.96038126,9.19743518,4.79332826,3.43580627,7.128220943,7.330770604,5.321827502,,,,,,,,,,,,
5.3227507,2.66048544,5.11463575,4.43267307,3.192583159,3.515475772,4.816739401,,,,,,,,,,,,
8.799773,3.89889872,9.32926312,8.57500033,6.689900174,6.399093348,3.860083963,,,,,,,,,,,,
8.0907007,7.19684657,3.22688022,1.09593297,7.412431812,7.996108468,7.730182456,,,,,,,,,,,,
3.3735789,4.73389658,8.25834723,6.69617332,2.419891189,3.96435186,3.160935763,,,,,,,,,,,,
9.01749445,3.56519702,6.26158387,2.70969645,6.764858914,7.610333059,4.543040304,,,,,,,,,,,,
9.46524948,8.79594681,4.10508009,3.71301856,9.741963845,8.759925085,6.356493024,,,,,,,,,,,,
3.17000412,5.64562034,7.5109805,7.1872357,2.552117508,3.954361183,3.249213897,,,,,,,,,,,,
8.1170972,8.82232426,6.98993397,4.08763613,8.192141968,7.819430635,4.174472864,,,,,,,,,,,,
6.99319723,5.62030077,6.30848344,5.41458134,5.65929489,5.788248153,4.310156544,,,,,,,,,,,,
4.48608665,9.13480515,5.07975232,1.45507789,4.761663104,6.28462128,4.703015614,,,,,,,,,,,,
6.55230601,3.76657624,3.99621655,8.14602056,4.560337535,6.116156103,6.200753576,,,,,,,,,,,,
5.45527398,7.93602276,4.10126894,5.81744916,5.162311665,5.76745,5.903273052,,,,,,,,,,,,
8.16568696,2.5532064,8.01555568,8.92928058,5.528104001,4.274385219,3.934240678,,,,,,,,,,,,
6.56057374,7.52377988,3.14925585,2.0587281,6.019910603,7.038174831,7.727928569,,,,,,,,,,,,
6.37521035,8.4985133,4.01377196,5.4276329,6.243379955,5.98328165,6.15316426,,,,,,,,,,,,
8.06529491,4.78350946,9.5,7.03612889,6.33865903,5.493266902,3.780823236,,,,,,,,,,,,
8.4070036,8.32361731,8.58769601,3.09897974,8.276609713,8.667795149,3.87886653,,,,,,,,,,,,
6.5959733,2.66271975,6.27506654,2.4536517,4.200053356,5.774789718,4.276731962,,,,,,,,,,,,
5.21288757,3.55472135,8.42111737,6.13746731,3.401233762,4.49599205,3.500968635,,,,,,,,,,,,
6.15953824,8.66608485,9.23945767,8.32017012,6.104611757,5.334651995,3.567817117,,,,,,,,,,,,
6.87458276,4.20215414,5.92937996,7.19503813,5.001620005,5.645172449,4.484329991,,,,,,,,,,,,
8.23745715,4.48312344,9.03362406,3.79898134,6.381114034,7.317130475,3.822188574,,,,,,,,,,,,
7.27832257,6.68492558,4.34413831,1.04908382,6.365940596,6.78573081,5.836282336,,,,,,,,,,,,
2.92395303,3.81289287,4.66155603,4.02057543,1.844458114,3.705579611,4.729586441,,,,,,,,,,,,
9.03591766,8.90056062,8.44075823,5.23917392,9.281257842,8.855186331,3.956038611,,,,,,,,,,,,
5.62656768,9.17394324,7.25062049,8.61702541,5.805290504,5.868867874,3.792727606,,,,,,,,,,,,
3.24394345,2.66979508,8.95273923,6.35240833,1.732716627,1.971031953,3.052972835,,,,,,,,,,,,
5.13666578,9.24476351,8.30963012,4.52931642,5.380714941,6.220596329,3.503426082,,,,,,,,,,,,
2.29292461,3.87540662,7.22700167,8.22802818,1.453046175,2.659875709,3.052600308,,,,,,,,,,,,
3.49217657,3.12880182,3.74679882,3.10404501,2.028181736,4.892151311,6.055654255,,,,,,,,,,,,
7.22169829,9.47535675,7.22305336,4.35647355,7.525878497,7.2823156,4.007943435,,,,,,,,,,,,
2.23980642,4.15752144,3.35721402,7.13691022,1.496137971,3.649806917,6.389881178,,,,,,,,,,,,
6.59595823,7.57464299,6.37096469,1.02354846,6.074564265,6.692344786,4.233742765,,,,,,,,,,,,
3.48454045,5.0141263,6.12454026,3.42206945,2.583380474,4.605950911,3.817746425,,,,,,,,,,,,
7.04639657,2.95666581,3.90769102,3.34272812,4.686169842,5.961979783,6.389813303,,,,,,,,,,,,
8.70066276,5.66007322,4.93710939,7.17381195,7.361366111,6.106916533,5.375773031,,,,,,,,,,,,
7.00291816,6.50244157,6.3488272,5.08820477,6.024325767,6.299815734,4.293279915,,,,,,,,,,,,
7.6734126,6.81396976,6.90859087,4.57350889,6.81347994,6.493208531,4.15405981,,,,,,,,,,,,
6.19302739,5.09506006,6.25806089,5.22362526,4.740574634,5.549509006,4.232143287,,,,,,,,,,,,
9.15537592,7.15386477,4.37839756,1.36416681,8.553674821,7.974302752,5.986818356,,,,,,,,,,,,
9.49587994,2.56493982,7.26835973,4.87233936,6.814948203,7.5294279,4.223196593,,,,,,,,,,,,
2.58003359,8.62694012,5.97112039,4.31618066,3.05313889,5.047691959,3.646666105,,,,,,,,,,,,
4.67188565,5.83745435,4.23652416,7.04715577,3.743415078,4.037360379,5.598785747,,,,,,,,,,,,
6.21173384,8.83196231,7.44862486,2.75517195,6.223451901,7.063204218,3.823711329,,,,,,,,,,,,
3.10062017,7.30916368,8.77232945,3.3109279,3.020227366,4.237956287,3.030592595,,,,,,,,,,,,
4.04934564,3.70785537,6.4263728,3.25518331,2.586929606,3.269719697,3.804020884,,,,,,,,,,,,
3.60825873,5.88983055,8.45327423,2.50201418,2.945621257,3.877767181,3.190953013,,,,,,,,,,,,
8.04121819,8.19659314,6.71355359,4.57946447,7.81619838,8.014047587,4.261016864,,,,,,,,,,,,
3.3723488,3.72068827,8.96826971,4.0135913,2.118870911,2.594292366,3.08408532,,,,,,,,,,,,
7.20873608,3.5930013,8.8025096,5.28518335,5.066290877,6.227752159,3.729595239,,,,,,,,,,,,
2.63307805,7.92134638,4.66696446,6.13614138,2.868690535,3.944005914,4.636964667,,,,,,,,,,,,
7.4456964,4.65247594,6.96745053,3.94052607,5.694365785,6.085050345,4.109827289,,,,,,,,,,,,
8.37985449,4.98567073,6.07201037,1.16503688,6.735849429,7.453162441,4.573950718,,,,,,,,,,,,
2.30474304,5.45325644,5.35821556,7.84476738,1.900062998,2.214915696,3.934366167,,,,,,,,,,,,
2.78093961,3.07010644,5.36019206,6.16298812,1.544115978,2.316781044,4.089164428,,,,,,,,,,,,
2.00137478,9.41140338,4.43649129,1.12560726,2.873745893,5.690414892,4.655353675,,,,,,,,,,,,
9.21427234,8.22585419,3.62504735,2.6498654,9.150776031,10,7.066527671,,,,,,,,,,,,
4.57956292,4.57316579,7.41177923,6.63698768,3.250592569,4.279559753,3.579268055,,,,,,,,,,,,
5.54317666,4.16906449,8.89936615,2.56588619,3.868250881,5.011280402,3.502811111,,,,,,,,,,,,
4.11955208,7.28038406,4.72685826,8.58663926,3.796025307,4.02172362,4.94967097,,,,,,,,,,,,
6.13773544,3.96533575,6.25623892,4.66050474,4.28301172,6.094362777,4.225528015,,,,,,,,,,,,
4.70809102,3.93790287,5.22511318,7.82882485,3.141906739,3.511808936,4.627499046,,,,,,,,,,,,
8.80593874,7.13089193,3.68596763,2.51059451,8.152315208,7.958073002,6.925127735,,,,,,,,,,,,
3.36611631,2.78305117,8.28284197,1.03036573,1.844989077,4.310433893,3.155616859,,,,,,,,,,,,
8.43609196,4.45377175,6.70562675,1.84832218,6.564480076,6.329189681,4.303805012,,,,,,,,,,,,
6.67720961,9.19599141,4.35124606,5.53283249,6.838396875,7.309995844,5.756165337,,,,,,,,,,,,
4.39878616,8.39573032,8.41134125,7.87738164,4.416748336,4.816505575,3.360969942,,,,,,,,,,,,
8.77300899,4.24005991,5.70833959,8.35999095,6.809939548,6.457258478,4.814385914,,,,,,,,,,,,
6.66466105,7.77211708,4.43833256,6.30566919,6.222200997,5.917255888,5.653861953,,,,,,,,,,,,
6.85853969,7.1312334,4.52011109,8.81403924,6.144219677,6.063615396,5.587046919,,,,,,,,,,,,
2.86028872,9.21742614,4.31954475,5.37152766,3.458615071,5.733018374,5.08880473,,,,,,,,,,,,
3.64184894,5.61888513,9.1823267,2.28344937,2.884836243,4.674268519,3.133871882,,,,,,,,,,,,
9.05252943,4.05854203,5.15277061,5.62951045,7.014958286,6.365687525,5.227824864,,,,,,,,,,,,
4.84925698,7.36516782,8.42794548,1.02847035,4.424157996,4.717289207,3.439966371,,,,,,,,,,,,
4.95502387,6.99675868,5.53029306,3.73426625,4.38034261,5.80914695,4.452166648,,,,,,,,,,,,
5.27654393,3.38859677,9.19379374,7.2361582,3.39542544,4.566728511,3.441617718,,,,,,,,,,,,
4.91315617,6.54647599,5.47178049,8.152184,4.184897285,3.969099355,4.484413949,,,,,,,,,,,,
4.61856998,3.86384086,3.01107502,1.20339127,3.051055853,4.479099467,7.762742324,,,,,,,,,,,,
8.94543563,5.42963893,7.55523282,5.64284061,7.515139435,6.950073488,4.10180006,,,,,,,,,,,,
8.51888602,6.15276232,7.66055892,8.52879755,7.392176453,6.191885468,4.03775777,,,,,,,,,,,,
7.40193344,3.15696609,4.32385667,3.30551176,5.071903162,5.468257418,5.874480994,,,,,,,,,,,,
7.69059907,9.14445637,4.42835051,6.81544077,7.876349582,8.322686372,5.784276647,,,,,,,,,,,,
2.18158558,2.51478366,8.70650174,7.82260866,1.023167554,1.200577659,2.744463082,,,,,,,,,,,,
4.87433567,3.58255241,3.61411534,3.42926302,3.152408998,5.563969195,6.55586555,,,,,,,,,,,,
7.93775717,6.14244669,3.01318065,7.72324124,6.789827731,6.22590893,8.207991257,,,,,,,,,,,,
4.73541513,6.92587674,7.43119061,2.78135821,4.172406673,5.963193905,3.602281095,,,,,,,,,,,,
5.5567922,8.59993903,8.18399449,1.20336566,5.512080836,7.258797768,3.586975543,,,,,,,,,,,,
2.5377632,2.97819303,3.27582854,6.75156532,1.364895139,2.558358686,6.661233185,,,,,,,,,,,,
6.51166932,9.28100713,6.3412284,1.63998142,6.708440391,7.657877699,4.236153624,,,,,,,,,,,,
5.48783901,7.44950643,7.14237465,4.93781676,5.006014827,4.947962887,3.802561457,,,,,,,,,,,,
8.71134727,7.09080052,8.5768149,5.09626911,8.029496159,6.362256482,3.909643457,,,,,,,,,,,,
5.39290422,9.07064015,5.75215276,3.56709894,5.546876682,6.091232578,4.383332227,,,,,,,,,,,,
4.32267244,6.93581404,5.06255963,1.51065136,3.840368653,6.511649434,4.68638483,,,,,,,,,,,,
7.65995489,7.05989127,7.73406372,3.90707061,6.906581238,6.243894967,3.933905991,,,,,,,,,,,,
7.30371063,5.13429631,7.11433761,2.41427614,5.754563592,6.646073159,4.048549727,,,,,,,,,,,,
5.79422055,7.19228954,4.20926568,8.33842931,5.180383066,6.167059686,5.812266684,,,,,,,,,,,,
8.19237817,7.62341972,5.38339809,6.22624509,7.714528434,7.604049538,4.971211082,,,,,,,,,,,,
3.63635454,3.5765216,3.13295152,4.01484952,2.257518037,4.805271218,7.274274691,,,,,,,,,,,,
4.94288729,4.62975977,5.91561491,3.88917964,3.549186471,4.593621354,4.217475826,,,,,,,,,,,,
8.68395584,3.15923588,6.64089658,8.6144686,6.263253179,4.943416711,4.352149487,,,,,,,,,,,,
9.41578114,9.40350936,5.43018571,8.81267765,10,7.983726041,5.054076546,,,,,,,,,,,,
2.68008467,4.39292478,3.18260525,7.46224802,1.847579105,3.047141474,6.908405328,,,,,,,,,,,,
6.48191036,2.68120945,9.10336019,4.71318134,4.112658245,4.912700586,3.618186369,,,,,,,,,,,,
5.10479203,6.12096841,6.6651745,8.4183616,4.1925558,4.280416866,3.90104402,,,,,,,,,,,,
5.65417788,5.94075235,3.74325866,4.29825414,4.589040498,5.274318846,6.462193582,,,,,,,,,,,,
4.80160335,5.09152943,8.55000165,6.91455606,3.593487018,3.986300487,3.417186804,,,,,,,,,,,,
2.6088585,3.15410691,7.22773863,8.14422169,1.457363056,1.554021474,3.159762847,,,,,,,,,,,,
2.09621001,8.29588998,9.24714022,4.9127192,2.596327737,3.704155724,2.670884536,,,,,,,,,,,,
4.8938996,7.48362866,4.03136403,5.39761383,4.504778143,4.775158769,5.908600347,,,,,,,,,,,,
8.5698324,6.95226576,6.56313933,1.29705476,7.811158619,8.590372938,4.371383207,,,,,,,,,,,,
7.90822823,9.12723017,6.85914797,5.85053933,8.105901337,7.150994392,4.195713224,,,,,,,,,,,,
7.49436341,7.12696196,8.3498064,5.58894189,6.768219003,5.923625236,3.812170286,,,,,,,,,,,,
8.61876108,7.5587735,5.63356446,6.10406449,8.148124066,7.528046585,4.845876932,,,,,,,,,,,,
6.7248071,9.09422433,7.21015283,7.68686068,6.842424867,6.267362807,3.952255276,,,,,,,,,,,,
4.22744534,8.99430805,6.05928404,6.21339586,4.488663572,4.929561124,4.011319722,,,,,,,,,,,,
4.73759603,6.45130411,9.2241968,7.58484634,4.007667729,3.891706647,3.350320743,,,,,,,,,,,,
2.53290644,4.55368911,3.27016288,2.34408461,1.795916092,4.230494733,6.671593376,,,,,,,,,,,,
4.36472318,3.43046426,4.23840486,2.6596855,2.728107379,3.800370657,5.539863387,,,,,,,,,,,,
5.76561022,7.67203469,7.64771379,8.05565461,5.339794724,4.720464981,3.715834291,,,,,,,,,,,,
2.64690598,2.56181994,3.83156419,1.30775783,1.321477975,2.735601661,5.690909498,,,,,,,,,,,,
4.33594362,5.42981368,8.19613036,1.08967938,3.344871892,5.437239784,3.378802225,,,,,,,,,,,,
9.03989806,4.94158037,7.20461958,7.91959168,7.394207191,7.323941958,4.199881004,,,,,,,,,,,,
2.16469526,9.14927643,5.76026415,5.58431954,2.91121318,3.999433095,3.619287402,,,,,,,,,,,,
2.29151501,4.80171183,9.34048569,8.13906349,1.707418129,2.504787269,2.74043072,,,,,,,,,,,,
7.56290451,5.80139632,7.21533071,7.82876287,6.274231635,6.676895667,4.048496811,,,,,,,,,,,,
5.82644074,6.91565357,3.58683898,7.38310678,5.103335789,6.757387111,6.752117817,,,,,,,,,,,,
4.32894435,5.96652339,3.03647233,4.84558614,3.517180767,5.148869985,7.646762575,,,,,,,,,,,,
2.37418806,9.4286512,6.50231196,6.56504327,3.156418889,4.434654113,3.328255571,,,,,,,,,,,,
3.55487475,9.01408271,5.63906066,7.97648082,3.939262883,3.833738123,4.105796916,,,,,,,,,,,,
3.92243417,3.77439863,7.10294487,3.15258901,2.516962754,3.061747113,3.534852007,,,,,,,,,,,,
8.44351834,7.91408068,7.70038376,1.16678886,8.122814317,8.789395069,4.021905706,,,,,,,,,,,,
3.30120823,8.77971858,5.70593487,6.10705023,3.656586447,5.237919165,4.002893532,,,,,,,,,,,,
4.10784891,3.52162588,7.93343289,1.82635804,2.571735686,3.893481873,3.377200391,,,,,,,,,,,,
4.40950809,8.65288369,8.38991433,2.810557,4.518959737,4.676206881,3.365743259,,,,,,,,,,,,
2.84056612,7.03265476,6.28293762,3.53072338,2.742324513,4.505765929,3.572405179,,,,,,,,,,,,
2.32062732,7.57880447,7.7187621,7.29098874,2.537287945,3.155010131,2.943804554,,,,,,,,,,,,
7.82523754,9.39850971,4.35990487,4.70021408,8.142539032,8.519054771,5.877911427,,,,,,,,,,,,
5.4009003,7.93642526,5.11347722,2.51382837,5.113957093,6.309282231,4.829801901,,,,,,,,,,,,
2.10013183,6.62839504,5.14145893,5.51338106,2.101147942,3.573251748,4.021613353,,,,,,,,,,,,
7.30450399,5.8968419,3.41639559,3.10869344,6.064500952,6.189841166,7.256123496,,,,,,,,,,,,
2.05987716,3.83438891,3.38638526,3.20527177,1.295490943,3.455516487,6.262074579,,,,,,,,,,,,
6.78061689,6.20199098,7.63097397,1.04518955,5.693433226,5.782925869,3.854357982,,,,,,,,,,,,
7.81273956,4.08989163,6.21750371,8.7060282,5.812138815,5.780275686,4.444360005,,,,,,,,,,,,
5.34823321,3.87872137,6.11351654,1.52150123,3.614561312,4.696854253,4.179567871,,,,,,,,,,,,
4.47607002,7.4342751,3.64351532,7.78766228,4.138271069,5.031258357,6.434190106,,,,,,,,,,,,
3.86875227,3.13588768,5.84708794,8.1565559,2.287637926,3.548277233,4.051920326,,,,,,,,,,,,
8.39706673,4.35916947,8.21173162,5.85404018,6.485768839,5.693441738,3.926219629,,,,,,,,,,,,
7.74732544,5.83307079,4.62594185,7.08739394,6.46795535,7.222059968,5.576433965,,,,,,,,,,,,
8.69590608,3.71159227,8.79370339,5.92574074,6.506802444,6.594612979,3.886391219,,,,,,,,,,,,
3.91256303,5.9822182,6.50246097,1.20895963,3.202726698,4.35175652,3.743688855,,,,,,,,,,,,
6.6201518,7.53012765,7.71276528,3.80750481,6.079464232,5.646619532,3.816967089,,,,,,,,,,,,
5.73017871,6.04350967,7.48010919,4.4584955,4.691949616,5.947336192,3.748967319,,,,,,,,,,,,
2.05847496,6.54900961,5.31302145,3.85042204,2.049856632,3.806280651,3.873272697,,,,,,,,,,,,
2.76063592,3.49276345,7.40748856,3.37719607,1.647721152,2.255345656,3.15935311,,,,,,,,,,,,
4.30614763,7.90117725,4.08870118,3.93771325,4.163108333,5.677216816,5.723471251,,,,,,,,,,,,
8.41943295,6.7288351,8.39940599,6.55477238,7.54777252,6.726738237,3.902484154,,,,,,,,,,,,
2.6565343,3.36549829,7.83185968,6.90993813,1.545519658,2.346336352,3.033612865,,,,,,,,,,,,
7.10061394,8.42256402,5.2602636,3.22804009,6.931657228,7.868819754,4.942498602,,,,,,,,,,,,
5.04089406,3.9804556,7.28672584,1.30148126,3.409299766,4.111122861,3.691506489,,,,,,,,,,,,
2.824461,6.91920441,5.36087542,2.08523623,2.695540891,5.374287819,4.101589099,,,,,,,,,,,,
8.91411248,8.73136763,7.83211286,8.66645704,9.053101673,8.477195455,4.040501915,,,,,,,,,,,,
2.47627459,3.28793503,7.98531587,1.87385654,1.409757334,2.301714197,2.947011963,,,,,,,,,,,,
6.90019749,9.25514942,7.23716156,3.4887487,7.091702718,6.338353844,3.966152141,,,,,,,,,,,,
2.57495091,7.59042998,8.28374873,8.50450736,2.723095355,2.42944664,2.932637015,,,,,,,,,,,,
3.95164466,6.89884197,8.32881175,7.2419496,3.534531602,3.632479043,3.282655563,,,,,,,,,,,,
3.79221553,9.16686693,4.95186259,8.44904756,4.186617596,4.207035022,4.672047031,,,,,,,,,,,,
5.14836293,8.68712028,4.7582511,7.26881152,5.175715242,6.692267748,5.104566758,,,,,,,,,,,,
3.21071138,3.7013915,8.98473799,2.75524034,2.003885784,2.271720365,3.042007126,,,,,,,,,,,,
5.10588717,6.80251339,5.6735981,2.23010498,4.43721221,4.887459733,4.385443653,,,,,,,,,,,,
8.48284244,5.2801965,4.24913163,5.74027197,6.967829318,7.595717819,6.079163998,,,,,,,,,,,,
9.179404,6.35732598,4.79803167,6.02617578,8.198644926,8.409101005,5.547542258,,,,,,,,,,,,
6.90676095,5.78568047,3.58726329,5.28100827,5.644854217,7.368504155,6.892845508,,,,,,,,,,,,
2.16651073,8.5185757,9.42577762,1.83193956,2.715387719,4.409933982,2.690193998,,,,,,,,,,,,
6.40428316,4.68087231,6.82019946,7.34669706,4.76977652,5.446864179,4.033638514,,,,,,,,,,,,
2.60770788,6.04163575,3.88756698,5.51701054,2.276753658,3.696591096,5.593086416,,,,,,,,,,,,
9.1761597,7.4905044,6.6001052,6.22277019,8.741474496,7.89076099,4.413716606,,,,,,,,,,,,
4.42362982,3.38268623,4.41428139,1.78208167,2.755946494,3.847306742,5.340339721,,,,,,,,,,,,
9.32591335,5.7133516,4.05817487,5.91431343,8.056039982,8.703169894,6.407828084,,,,,,,,,,,,
4.79522528,5.91393732,9.30347468,6.00453068,3.868131405,4.835937282,3.356330963,,,,,,,,,,,,
3.90243778,5.88034115,3.68354515,8.50563768,3.1621052,4.061777517,6.252280143,,,,,,,,,,,,
5.42909477,6.39244895,6.25417056,4.38544276,4.562179685,6.113571851,4.124444203,,,,,,,,,,,,
5.72703077,9.48203674,9.23575026,8.88496333,6.025358179,5.114099963,3.507458047,,,,,,,,,,,,
3.60699593,8.17310692,8.69445988,7.3912634,3.692763125,3.811297368,3.163881884,,,,,,,,,,,,
5.28754175,6.8960866,6.34602312,3.31782763,4.625627324,5.670915154,4.060819318,,,,,,,,,,,,
4.34235729,8.871304,7.05846511,5.74882925,4.541437758,4.555341862,3.632853933,,,,,,,,,,,,
7.67063496,5.97875293,8.41185752,4.92967103,6.453917774,6.041257209,3.82342088,,,,,,,,,,,,
4.05630428,6.12450666,6.41712841,3.40907291,3.358745647,3.964904925,3.809390939,,,,,,,,,,,,
8.10458665,9.48132817,9.24883429,6.18575743,8.493487545,6.598794567,3.795582318,,,,,,,,,,,,
4.84342647,7.56687544,8.53800776,4.14051523,4.492240681,5.622227702,3.425765982,,,,,,,,,,,,
6.34835513,6.78768761,9.11983771,5.29136292,5.525755827,5.932049457,3.599829295,,,,,,,,,,,,
5.06392241,9.00490475,4.50402239,6.06310357,5.222105732,6.027982021,5.352275269,,,,,,,,,,,,
3.19635078,6.72346886,3.76857454,2.91087749,2.905342289,4.039148406,5.946961641,,,,,,,,,,,,
4.11094911,3.1814044,4.08565785,7.31143744,2.470563917,2.952483878,5.689005284,,,,,,,,,,,,
7.89190208,5.77977608,7.95666166,8.75866441,6.588404597,5.531353624,3.916128561,,,,,,,,,,,,
4.83909686,5.33818584,3.90525051,6.84680878,3.706324103,4.897775525,6.080878895,,,,,,,,,,,,
7.09660625,7.95100719,8.60023455,4.06203876,6.72341585,5.734503148,3.736559495,,,,,,,,,,,,
9.25483912,2.73058476,8.05990031,1.88654831,6.644298691,7.362393647,4.030930314,,,,,,,,,,,,
6.89322333,9.27583669,6.8671038,7.16520214,7.093649291,7.163112736,4.078760867,,,,,,,,,,,,
4.82698514,4.16255569,4.37776295,4.42438462,3.305028207,5.209104408,5.455134052,,,,,,,,,,,,
7.22736098,7.96275108,7.83171653,7.2780556,6.860274303,6.984470529,3.866107276,,,,,,,,,,,,
7.64474179,8.59629699,6.90136667,5.75103241,7.575006293,6.31359497,4.153341828,,,,,,,,,,,,
8.72325709,3.14649652,7.0704433,8.26714257,6.296148547,5.825361625,4.20942509,,,,,,,,,,,,
2.9125081,4.48958751,8.41913248,5.35320762,2.030559684,2.411158663,3.01703657,,,,,,,,,,,,
7.96637143,3.72830574,5.75125728,6.66989105,5.810886287,5.50214584,4.708371088,,,,,,,,,,,,
9.42029694,9.25833522,6.02512163,3.30575371,9.929028228,9.743912301,4.695394033,,,,,,,,,,,,
3.12653666,5.05732589,5.44792434,6.57773164,2.344077318,3.061244996,4.124815439,,,,,,,,,,,,
3.18829696,7.85860346,4.41558632,6.1895484,3.263351997,5.312583039,5.066466592,,,,,,,,,,,,
9.19716553,3.945289,6.77676438,6.73471368,7.11364824,6.010650505,4.349918776,,,,,,,,,,,,
3.42856839,4.101181,8.42346391,6.71619285,2.269310266,2.498103002,3.152173425,,,,,,,,,,,,
6.43178551,7.35689249,7.65529625,5.81517738,5.830175552,6.262507267,3.805139657,,,,,,,,,,,,
2.17892534,5.84302446,7.68456687,3.01504843,1.927537003,3.129490643,2.898567974,,,,,,,,,,,,
2.44343711,4.95060655,6.80106233,8.15604159,1.849140352,1.615139743,3.238861204,,,,,,,,,,,,
4.99655358,2.78004926,5.75374903,6.96137236,2.986719739,4.042447302,4.318890921,,,,,,,,,,,,
5.61588241,2.95028894,8.38563455,7.73472709,3.512716912,4.363827309,3.56744669,,,,,,,,,,,,
5.53056561,6.15881478,6.40169702,8.21546509,4.563322793,5.317171724,4.073872344,,,,,,,,,,,,
5.6224973,9.49855482,8.66172086,6.46267041,5.932680063,5.494916888,3.536407196,,,,,,,,,,,,
8.35050087,6.74261522,5.81409332,5.33723043,7.481061033,7.469465836,4.710741427,,,,,,,,,,,,
2,9.13113097,4.6879935,7.63821499,2.784994575,3.873414762,4.387105105,,,,,,,,,,,,
5.75694532,6.29427347,5.99106149,7.02928824,4.808058669,4.344240103,4.303644232,,,,,,,,,,,,
3.09006637,8.4931604,3.86690682,7.38583884,3.396343924,5.448121589,5.765468042,,,,,,,,,,,,
7.52817126,4.11071262,7.35241627,3.6954477,5.555703887,5.768391256,4.007783918,,,,,,,,,,,,
3.33704494,5.06271423,3.51322273,7.28157868,2.493424722,3.793994689,6.421352545,,,,,,,,,,,,
3.17859611,4.63939836,5.54517355,2.37356093,2.255971584,4.139908954,4.073078399,,,,,,,,,,,,
2.76436373,5.02164677,4.9957684,1.43320926,2.084598535,3.984886849,4.370977096,,,,,,,,,,,,
4.07173056,4.51505535,6.17472172,2.97063116,2.853166594,5.259164071,3.922747799,,,,,,,,,,,,
2.00431365,3.10775087,7.29991464,8.97366744,1.069720734,2.026731145,2.920861912,,,,,,,,,,,,
9.38158443,5.08354122,4.60004166,2.37230236,7.822894565,8.797235522,5.762492088,,,,,,,,,,,,
5.0887044,6.35276653,7.57285806,1.02131762,4.261519871,4.928733224,3.62856627,,,,,,,,,,,,
4.54278978,7.70844497,6.325459,1.93834901,4.290707746,5.038300168,3.943706782,,,,,,,,,,,,
4.46241607,2.65062765,5.70795979,1.65359038,2.55840828,4.107206659,4.25235656,,,,,,,,,,,,
4.96218052,9.1864923,5.01104274,3.3046337,5.200644508,6.119157562,4.844514564,,,,,,,,,,,,
4.7251602,2.5129636,7.0089793,8.7506288,2.704422287,3.397275494,3.718430615,,,,,,,,,,,,
4.11888845,8.49155545,8.28452733,4.73078281,4.217411648,4.433426853,3.323248556,,,,,,,,,,,,
5.22669224,6.29342762,9.42091099,4.94395191,4.355398021,4.226016834,3.42288066,,,,,,,,,,,,
4.01946492,3.89923619,3.0955829,4.14918095,2.624201714,3.620202544,7.444139381,,,,,,,,,,,,
3.50007593,3.53170489,3.32231713,2.66459324,2.150738938,4.589324521,6.832025228,,,,,,,,,,,,
7.13525096,3.62584257,3.87452149,2.5537581,5.013697254,7.371002942,6.44998458,,,,,,,,,,,,
3.22000742,8.08059981,4.2212109,2.85099994,3.360302994,4.449766897,5.308491496,,,,,,,,,,,,
7.47377179,8.92520386,3.89866705,7.70206385,7.543147829,8.430046349,6.452238136,,,,,,,,,,,,
4.67016214,3.04391239,6.22129381,8.65691863,2.829720349,3.057646103,4.014579423,,,,,,,,,,,,
5.9124394,3.27687159,7.65217484,5.22502821,3.857728718,4.477680121,3.735785082,,,,,,,,,,,,
3.88791799,7.63469647,5.03774249,3.93770204,3.732518923,6.119281714,4.618975256,,,,,,,,,,,,
5.63045441,4.14501644,8.83952725,4.99292802,3.930244318,4.909822212,3.52080986,,,,,,,,,,,,
6.07761902,8.64626029,4.39492385,3.4262741,6.01810632,7.071650431,5.626829519,,,,,,,,,,,,
7.26387704,3.77246972,6.3612705,3.88749999,5.183981317,6.104668381,4.31822318,,,,,,,,,,,,
3.24655095,2.97329749,9.45749303,4.59716972,1.819860613,2.308860792,3.025426424,,,,,,,,,,,,
5.57574719,3.42042626,5.37005899,6.84021785,3.639017824,5.334571733,4.660686654,,,,,,,,,,,,
3.44408189,8.47953,7.06210936,2.64096277,3.667804529,5.678897212,3.438974698,,,,,,,,,,,,
8.35717074,3.43923007,6.22413174,1.0912126,6.063931117,6.608973448,4.497263813,,,,,,,,,,,,
2.74864953,7.83075289,6.15908848,2.03486498,2.925117385,3.845082434,3.603477722,,,,,,,,,,,,
6.89206427,8.09473749,8.92568718,6.10870897,6.580744134,7.014167351,3.681868345,,,,,,,,,,,,
6.07793213,4.34788545,8.92443867,5.38371799,4.370006889,5.544055658,3.577409573,,,,,,,,,,,,
5.0800132,8.16085719,5.42776338,7.12732931,4.915438829,5.055037134,4.542505721,,,,,,,,,,,,
5.42128828,4.9146754,4.13360025,1.37964064,4.028122161,6.445032622,5.854994218,,,,,,,,,,,,
4.88668178,3.53777098,5.84080168,4.4677868,3.147254345,5.24816913,4.249776327,,,,,,,,,,,,
2.29308353,4.88630714,7.83052937,5.58137222,1.732111157,2.476035976,2.911497211,,,,,,,,,,,,
2.62156202,7.83601742,3.39939501,7.32422997,2.833490037,5.240511899,6.437006029,,,,,,,,,,,,
3.6464757,7.0456541,6.0408469,4.05684379,3.347198874,4.868570249,3.897823503,,,,,,,,,,,,
3.06150034,8.3931097,7.98203917,2.57352598,3.341453932,5.004852961,3.12404083,,,,,,,,,,,,
3.13595544,8.62025914,5.16907276,3.60360664,3.473914022,6.03118573,4.333150577,,,,,,,,,,,,
8.25870957,5.43179979,3.23599147,6.62190454,6.806353687,7.521558,7.727584454,,,,,,,,,,,,
7.05617527,4.58573564,4.22398011,1.53347346,5.310705571,7.007131899,5.95752652,,,,,,,,,,,,
9.31046672,7.1262218,8.19428303,4.58943956,8.716530235,7.604891427,4.014709418,,,,,,,,,,,,
5.86684562,8.60697396,6.49266851,4.37452689,5.802747546,6.471529294,4.084672113,,,,,,,,,,,,
5.26871976,6.68071788,6.74299988,8.20579878,4.530846714,5.665644232,3.898632419,,,,,,,,,,,,
8.52230025,3.21901887,6.66497651,5.91662329,6.131805579,6.311790714,4.327400226,,,,,,,,,,,,
5.10183486,4.00307625,6.1522374,1.25048482,3.463902559,4.472121485,4.121251357,,,,,,,,,,,,
5.00917185,5.34810383,3.45039381,1.39480994,3.845219221,5.00949854,6.876915897,,,,,,,,,,,,
7.87295409,7.0949119,5.31910736,2.23779259,7.140078413,7.238255598,4.9845777,,,,,,,,,,,,
3.01279468,6.74854828,4.07384406,6.55511783,2.778949944,4.526729902,5.446558012,,,,,,,,,,,,
5.17187042,5.74048172,8.42010833,6.5905092,4.113541595,4.607284353,3.494525493,,,,,,,,,,,,
6.23468355,3.5446156,9.12710327,3.74732102,4.213834964,4.975376595,3.584349471,,,,,,,,,,,,
2.62501476,5.81640122,3.01548782,5.14349368,2.222096603,3.118806591,7.281938703,,,,,,,,,,,,
8.09726761,2.90545444,7.56671712,6.05126636,5.60421722,5.540677747,4.016317406,,,,,,,,,,,,
8.12662709,2.90071487,5.55484147,8.22323478,5.629513416,5.67205937,4.847514014,,,,,,,,,,,,
8.16388607,9.06315429,3.01874324,1,8.358904801,9.002694223,8.217686051,,,,,,,,,,,,
5.95095532,3.96624721,5.75716209,8.82379287,4.128892235,4.106750007,4.462259614,,,,,,,,,,,,
2.45047816,5.37555181,6.21701983,3.57956695,1.975178782,3.041053386,3.480187606,,,,,,,,,,,,
